tokens_used,test_file,rouge-1.r,rouge-1.p,rouge-1.f,rouge-2.r,rouge-2.p,rouge-2.f,rouge-l.r,rouge-l.p,rouge-l.f
1426,extracted/R46145.json,0.14878892733564014,0.5972222222222222,0.2382271436210588,0.03225806451612903,0.17391304347826086,0.054421766067842235,0.13494809688581316,0.5416666666666666,0.2160664788011142
6260,extracted/R46145.json,0.2560553633217993,0.6981132075471698,0.37468354037699086,0.10685483870967742,0.36551724137931035,0.16536661116381637,0.2422145328719723,0.660377358490566,0.3544303758200288
6260,extracted/R46145.json,0.2560553633217993,0.6981132075471698,0.37468354037699086,0.10685483870967742,0.36551724137931035,0.16536661116381637,0.2422145328719723,0.660377358490566,0.3544303758200288
5184,extracted/R46096.json,0.1361111111111111,0.5384615384615384,0.21729489700050642,0.033444816053511704,0.15873015873015872,0.055248615909618284,0.125,0.4945054945054945,0.1995565377987326
7195,extracted/R46226.json,0.1876484560570071,0.5197368421052632,0.2757417063986428,0.054838709677419356,0.16113744075829384,0.08182911775150946,0.16864608076009502,0.46710526315789475,0.2478184952293584
